Código Mantenedora,Razão Social,CNPJ,Natureza Jurídica,Código IES,Instituição(IES),Sigla,Telefone,Sitio,e-Mail,Endereço Sede,Município,UF,Organização Acadêmica,Tipo de Credenciamento,Categoria,Categoria Administrativa,Data do Ato de Criação da IES,CI,Ano CI,CI-EaD,Ano CI-EaD,IGC,Ano IGC,Reitor/Dirigente Principal,Representante Legal,Sinalizações Vigentes,Situação da IES
1336,ITPAC INSTITUTO TOCANTINENSE PRESIDENTE ANTONIO CARLOS S.A,02.941.990/0001-98,Privada com fins lucrativos,5580,Afya Faculdade de Ciências Médicas de Garanhuns (Sub Judice) (AFYA GARANHUNS),AFYA GARANHUNS,(81) 4040-4242,https://www.fameg.com.br/,adriene.jacinto@afya.com.br; gabriele.duraes@afya.com.br; luiz.pereira@afya.com.br,Avenida General Costa e Silva - 06 - CEP: 55297-130 - Novo Heliópolis,Garanhuns,PE,Faculdade,Presencial - Superior,Privada,Privada com fins lucrativos,13/11/2007,4,2023,-,,-,,,,,Ativa
759,SOCIEDADE EDUCACIONAL E CULTURAL SERGIPE DEL REY LTDA,32.728.800/0001-10,Privada com fins lucrativos,22514,Afya Faculdade de Ciências Médicas de Jaboatão dos Guararapes (AFYA JABOATÃO),AFYA JABOATÃO,(81) 996689915,https://jaboatao.afya.com.br/,vanessa.piasson@afya.com.br,Avenida General Barreto de Menezes - 738 - CEP: 54330-000 - Cajueiro Seco - Piedade,Jaboatão dos Guararapes,PE,Faculdade,Presencial - Superior,Privada,Privada com fins lucrativos,09/02/2018,5,2022,-,,-,,,,,Ativa
57,AUTARQUIA DE ENSINO SUPERIOR DE ARCOVERDE,11.462.454/0001-09,Pessoa Jurídica de Direito Público - Municipal,73,CENTRO DE ENSINO SUPERIOR DE ARCOVERDE (CESA),CESA,(87)3821-0644 / (87)9927-4392,www.aesa-cesa.br,direcaocesa@hotmail.com,Rua Gumercindo Cavalcanti - 420 - CEP: 56512-902 - SÃO CRISTOVÃO,Arcoverde,PE,Faculdade,Presencial - Superior,Publica,Especial,07/08/1969,-,,-,,2,2022,,,,Ativa
446,AUTARQUIA BELEMITA DE CULTURA DESPORTOS E EDUCACAO,10.264.877/0001-43,Pessoa Jurídica de Direito Público - Municipal,674,CENTRO DE ENSINO SUPERIOR DO VALE SÃO FRANCISCO (CESVASF),CESVASF,(87)38761248,www.cesvasf.com.br,secretaria@cesvasf.com.br,BR 316 - Campus Alto do Encanto - s/n - CEP: 56440-000 - Nova Olinda,Belém do São Francisco,PE,Faculdade,Presencial - Superior,Publica,Especial,15/03/1975,-,,-,,3,2022,,,,Ativa
276,AESO-ENSINO SUPERIOR DE OLINDA LTDA,09.726.365/0001-72,Privada com fins lucrativos,4420,Centro Universitário Aeso - Barros Melo (Uniaeso),Uniaeso,(81) 2128 9797,www.barrosmelo.edu.br,aeso@aeso.br,Avenida Transamazônica - 405 - CEP: 53300-240 - Jardim Brasil II,Olinda,PE,Centro Universitário,EAD - Superior / Presencial - Superior,Privada,Privada com fins lucrativos,15/05/1968,5,2019,5,2019,3,2022,,,,Ativa
2996,IBGM - INSTITUTO BRASILEIRO DE GESTAO & MARKETING LTDA - EPP,07.397.220/0001-40,Privada com fins lucrativos,4702,CENTRO UNIVERSITÁRIO BRASILEIRO (UNIBRA),UNIBRA,81 981821930,www.grupounibra.com,diretoria@grupounibra.com,R Rua Joaquim Felipe - 250 - CEP: 50050-365 - Boa Vista,Recife,PE,Centro Universitário,EAD - Superior / Presencial - Superior,Privada,Privada com fins lucrativos,11/04/2008,5,2023,5,2018,4,2022,,,,Ativa
369,ASSOCIACAO DO ENSINO SUPERIOR DA VITORIA DE STO ANTAO,01.448.515/0001-11,Pessoa Jurídica de Direito Privado - Sem fins lucrativos - Associação de Utilidade Pública,3515,CENTRO UNIVERSITÁRIO DA VITÓRIA DE SANTO ANTÃO (UNIVISA),UNIVISA,(81) 3523 1020,www.faintvisa.com.br,ubirajarajc@hotmail.com,Loteamento São Vicente Ferrer - 71 - CEP: 55610-900 - Cajá,Vitória de Santo Antão,PE,Centro Universitário,EAD - Superior / Presencial - Superior,Privada,Privada sem fins lucrativos,26/02/1971,4,2018,4,2021,4,2022,,,,Ativa
1125,APESU ENSINO SUPERIOR DE PERNAMBUCO LTDA,11.870.359/0001-36,Privada com fins lucrativos,1708,CENTRO UNIVERSITARIO DO RECIFE (UNIPESU),UNIPESU,(11) 5586 4291,,pigeral@unip.br;pigeral2020@gmail.com,Rua Dom Bosco - 551 - CEP: 50070-070 - Boa Vista,Recife,PE,Centro Universitário,Presencial - Superior,Privada,Privada com fins lucrativos,06/03/2001,4,2020,-,,3,2022,,,,Ativa
1198,SOCEC- SOCIEDADE CAPIBARIBE DE EDUCACAO E CULTURA LTDA,41.229.501/0001-21,Privada com fins lucrativos,1805,CENTRO UNIVERSITÁRIO DOS GUARARAPES (UNIFG),UNIFG,(81) 3461-5503,www.unifg.edu.br,regulatorio@animaeducacao.com.br,Rua Comendador José Didier - 27 - CEP: 54400-160 - Piedade,Jaboatão dos Guararapes,PE,Centro Universitário,EAD - Superior / Presencial - Superior,Privada,Privada com fins lucrativos,09/08/2001,5,2023,4,2022,3,2022,,,Em supervisão - Procedimento Sancionador sem Medida Cautelar,Ativa
545,"IREP SOCIEDADE DE ENSINO SUPERIOR, MEDIO E FUNDAMENTAL LTDA.",02.608.755/0001-07,Privada com fins lucrativos,1077,Centro Universitário Estácio do Recife,-,,www.estacio.br,cgfirpe@gmail.com;regulatorio.nacional@estacio.br,Avenida Engenheiro Abdias de Carvalho - 1678 - CEP: 50720-635 - Madalena,Recife,PE,Centro Universitário,Presencial - Superior,Privada,Privada com fins lucrativos,16/02/1998,5,2022,-,,3,2022,,,,Ativa
1119,"ASSOCIACAO VITORIENSE DE EDUCACAO, CIENCIAS E CULTURA - AVEC",03.391.726/0001-90,Privada sem fins lucrativos,1697,CENTRO UNIVERSITÁRIO FACOL (UNIFACOL),UNIFACOL,(81) 3523-0103,www.facol.net,direcao.academica@unifacol.edu.br,Rua do Estudante - 85 - CEP: 55612-285 - Universitário,Vitória de Santo Antão,PE,Centro Universitário,EAD - Superior / Presencial - Superior,Privada,Privada sem fins lucrativos,02/04/2001,4,2018,5,2018,3,2022,,,,Ativa
1179,SOCIEDADE DE EDUCACAO DO VALE DO IPOJUCA LTDA,02.738.361/0001-65,Privada com fins lucrativos,1775,Centro Universitário Favip Wyden (UniFavip Wyden),UniFavip Wyden,,www.unifavip.edu.br,cgunifavipw@gmail.com;regulatorio.nacional@estacio.br;,Avenida Adjar da Silva Casé - 800 - CEP: 55024-740 - Indianópolis,Caruaru,PE,Centro Universitário,EAD - Superior / Presencial - Superior,Privada,Privada com fins lucrativos,25/07/2001,5,2019,5,2023,3,2022,,,,Ativa
1174,YDUQS EDUCACIONAL LTDA.,03.681.572/0001-71,Privada com fins lucrativos,1255,Centro Universitário FBV Wyden (UniFBV Wyden),UniFBV Wyden,,www.fbv.edu.br,cgunifbvw@gmail.com;regulatorio.nacional@estacio.br,Avenida Jean Emile Favre - 422 - CEP: 51190-540 - Imbiribeira,Recife,PE,Centro Universitário,EAD - Superior / Presencial - Superior,Privada,Privada com fins lucrativos,17/02/1999,5,2024,5,2018,3,2022,,,,Ativa
2449,SOCIEDADE DE ENSINO SUPERIOR DE SERRA TALHADA - SESST,06.090.271/0001-61,Privada com fins lucrativos,3881,Centro Universitário FIS (Unifis),Unifis,(87) 3831-1472,www.fis.edu.br,mrmlima.mm@gmail.com,Rua João Luiz de Melo - 2110 - CEP: 56909-205 - Tancredo Neves,Serra Talhada,PE,Centro Universitário,EAD - Superior / Presencial - Superior,Privada,Privada com fins lucrativos,08/12/2006,4,2022,5,2021,3,2022,,,,Ativa
116,CONGREGACAO DE SANTA DOROTEIA DO BRASIL,10.847.747/0001-33,Privada sem fins lucrativos,160,Centro Universitário Frassinetti do Recife (UniFAFIRE),UniFAFIRE,(81) 2122-3500,www.fafire.br,mdasgracas@fafire.br,Avenida Conde da Boa Vista - 921 - CEP: 50060-002 - Boa Vista,Recife,PE,Centro Universitário,Presencial - Superior,Privada,Privada sem fins lucrativos,05/11/1940,5,2023,-,,3,2022,,,,Ativa
1847,SER EDUCACIONAL S.A.,04.986.320/0001-13,Privada com fins lucrativos,2835,CENTRO UNIVERSITÁRIO MAURÍCIO DE NASSAU (UNINASSAU),UNINASSAU,(81) 3413-4611,www.uninassau.edu.br,emec@sereducacional.com,Rua Guilherme Pinto - 114 - CEP: 52011-210 - Graças,Recife,PE,Centro Universitário,EAD - Superior / Presencial - Superior,Privada,Privada com fins lucrativos,15/05/2003,5,2018,5,2019,3,2022,,,,Ativa
1847,SER EDUCACIONAL S.A.,04.986.320/0001-13,Privada com fins lucrativos,14717,Centro Universitário Maurício de Nassau de Caruaru (Uninassau Caruaru),Uninassau Caruaru,(81) 3413-4611,www.uninassau.edu.br,emec@sereducacional.com,Entroncamento da Rodovia BR-232 com a BR 104 - 1215 - CEP: 55034-640 - Agamenom Magalhães,Caruaru,PE,Centro Universitário,EAD - Superior / Presencial - Superior,Privada,Privada com fins lucrativos,28/05/2012,4,2021,5,2021,3,2022,,,,Ativa
1847,SER EDUCACIONAL S.A.,04.986.320/0001-13,Privada com fins lucrativos,4153,CENTRO UNIVERSITÁRIO MAURÍCIO DE NASSAU DERBY (UNINASSAU),UNINASSAU,(81) 3413-4611,www.uninassau.edu.br,emec@sereducacional.com,Rua Guilherme Pinto - 400 - CEP: 52010-210 - Derby,Recife,PE,Centro Universitário,EAD - Superior / Presencial - Superior,Privada,Privada com fins lucrativos,23/10/2007,5,2023,4,2019,3,2022,,,,Ativa
1847,SER EDUCACIONAL S.A.,04.986.320/0001-13,Privada com fins lucrativos,4118,Centro Universitário Maurício de Nassau Paulista (UNINASSAU PAULISTA),UNINASSAU PAULISTA,(81) 3413-4611,www.uninassau.edu.br,emec@sereducacional.com,Avenida Senador Salgado Filho - s/n - CEP: 53401-440 - Centro,Paulista,PE,Centro Universitário,EAD - Superior / Presencial - Superior,Privada,Privada com fins lucrativos,30/04/2007,4,2023,5,2018,3,2022,,,,Ativa
1101,SOCIEDADE CULTURAL E EDUCACIONAL SANTA RITA DE CASSIA LTDA - ME,02.883.040/0001-54,Privada com fins lucrativos,1676,CENTRO UNIVERSITÁRIO SÃO MIGUEL (UNISÃOMIGUEL),UNISÃOMIGUEL,(81) 21288555,www.unisaomiguel.edu.br,"vitoriausm2023@gmail.com;saulofarias@csainfo.com.br;diretora@focca.com.br,marco@quapin.com",Rua Rua Barão de São Borja - 421 ao fim - ímpar - 427 - CEP: 50070-135 - Boa Vista,Recife,PE,Centro Universitário,EAD - Superior / Presencial - Superior,Privada,Privada com fins lucrativos,29/03/2001,4,2024,4,2015,3,2022,,,,Ativa
131,ASSOCIACAO CARUARUENSE DE ENSINO SUPERIOR - ASCES,09.993.940/0001-01,Privada sem fins lucrativos,2409,CENTRO UNIVERSITÁRIO TABOSA DE ALMEIDA (ASCES-UNITA),ASCES-UNITA,(081) 2103 2000,www.asces.edu.br,asces@asces.edu.br,Avenida Portugal - 584 - CEP: 55016-901 - Universitário,Caruaru,PE,Centro Universitário,EAD - Superior / Presencial - Superior,Privada,Privada sem fins lucrativos,16/04/1959,4,2023,5,2021,4,2022,,,,Ativa
274,SOCIEDADE DE EDUCACAO TIRADENTES S.A,13.013.263/0001-87,Privada com fins lucrativos,1709,Centro Universitário Tiradentes de Pernambuco (UNIT PE),UNIT PE,(81)3073 8877; (79) 999724613,https://pe.unit.br,jose_adailton@unit.br; elisangela_sousa@unit.br,Avenida Marechal Mascarenhas de Morais - 3905 - CEP: 51150-003 - Imbiribeira,Recife,PE,Centro Universitário,Presencial - Superior,Privada,Privada com fins lucrativos,02/05/2001,5,2023,-,,4,2022,,,,Ativa
887,SOEC SOCIEDADE OLINDENSE DE EDUCACAO E CULTURA,69.904.449/0001-80,Pessoa Jurídica de Direito Privado - Sem fins lucrativos - Associação de Utilidade Pública,1328,Centro Universitário Uninovo (UNINOVO),UNINOVO,81-34290772,www.uninovo.edu.br,uninovo@uninovo.edu.br; academico@uninovo.edu.br,Av.Getúlio Vargas - 1360 - CEP: 53120-010 - Bairro Novo,Olinda,PE,Centro Universitário,EAD - Superior / Presencial - Superior,Privada,Privada sem fins lucrativos,24/06/1999,4,2021,3,2021,3,2022,,,,Ativa
435,ASSOCIACAO SALGADO DE OLIVEIRA DE EDUCACAO E CULTURA,28.638.393/0001-82,Pessoa Jurídica de Direito Privado - Sem fins lucrativos - Associação de Utilidade Pública,15054,CENTRO UNIVERSITÁRIO UNIVERSO RECIFE,-,(21) 2138-4945,www.universo.edu.br,reitoria@nt.universo.edu.br,Avenida Marechal Mascarenhas de Morais - 2169 - CEP: 51150-001 - Imbiribeira,Recife,PE,Centro Universitário,Presencial - Superior,Privada,Privada sem fins lucrativos,,5,2017,-,,-,,,,,Ativa
13464,FUNDACAO JOAQUIM NABUCO FUNDAJ,09.773.169/0001-59,Pessoa Jurídica de Direito Público - Federal,17612,DIRETORIA DE FORMAÇÃO E DESENVOLVIMENTO PROFISSIONAL (FUNDAJ),FUNDAJ,,,,Rua Henrique Dias - - CEP: 52010-100 - Derby,Recife,PE,Escola de Governo,Escola do Governo,Publica,Pública Federal,16/05/2017,4,2015,-,,-,,,,,Ativa
57,AUTARQUIA DE ENSINO SUPERIOR DE ARCOVERDE,11.462.454/0001-09,Pessoa Jurídica de Direito Público - Municipal,4858,ESCOLA SUPERIOR DE SAÚDE DE ARCOVERDE (ESSA),ESSA,(87) 3821-3247,www.aesa-cesa.br,direcao.essa@aesa-cesa.br,Rua Gumercindo Cavalcanti - s/n - CEP: 56500-000 - São Cristóvão,Arcoverde,PE,Faculdade,Presencial - Superior,Publica,Especial,06/01/2004,-,,-,,2,2022,,,,Ativa
16449,ALPHA SISTEMAS EDUCACIONAIS E TREINAMENTOS - EIRELI,15.708.483/0001-50,Privada com fins lucrativos,20570,Faculdade Alpha (Alpha),Alpha,(81)30717249,www.alpha.rec.br,direcao@alpha.rec.br,Rua Gervásio Pires - 826 - CEP: 50050-415 - Santo Amaro,Recife,PE,Faculdade,EAD - Superior / Presencial - Superior,Privada,Privada com fins lucrativos,02/10/2017,4,2022,5,2021,3,2022,,,,Ativa
2011,ORGANIZACAO DE ENSINO SUPERIOR ANCHIETA - OESA,02.533.247/0001-07,Privada com fins lucrativos,3148,FACULDADE ANCHIETA DO RECIFE (FAR),FAR,(81) 3328 1481 - (81) 3132 1777,www.faculdadea.com.br,diretoriageral@faculdadea.com.br,Avenida Engenheiro Domingos Ferreira - 1990 - CEP: 51111-020 - Boa Viagem,Recife,PE,Faculdade,Presencial - Superior,Privada,Privada com fins lucrativos,09/09/2002,3,2017,-,,3,2013,,,"Suspensão contrato FIES, Suspensão PROUNI",Ativa
14514,EDITORA E DISTRIBUIDORA EDUCACIONAL S/A,38.733.648/0001-40,Privada com fins lucrativos,23897,FACULDADE ANHANGUERA DE CARUARU,-,31-21260303,,ddi@kroton.com.br;danielle.fnonato@kroton.com.br,Avenida Cleto Campelo - 36 - CEP: 55012-340 - Maurício de Nassau,Caruaru,PE,Faculdade,Presencial - Superior,Privada,Privada com fins lucrativos,19/10/2022,4,2021,-,,-,,,,Unificação de Mantidas,Ativa
3167,ORME SERVICOS EDUCACIONAIS LTDA,05.478.567/0001-91,Privada com fins lucrativos,22158,Faculdade Anhanguera de Petrolina,-,(31) 8450-5383,,quezia.rebula@cogna.com.br; ddi@kroton.com.br,Avenida Monsenhor Ângelo Sampaio - 696 - CEP: 56328-000 - Vila Eduardo,Petrolina,PE,Faculdade,Presencial - Superior,Privada,Privada com fins lucrativos,20/03/2019,4,2023,-,,-,,,,,Ativa
276,AESO-ENSINO SUPERIOR DE OLINDA LTDA,09.726.365/0001-72,Privada com fins lucrativos,24190,Faculdade Barros Melo Recife (UNIAESO),UNIAESO,81 32047536,,aeso@aeso.br,Rua do Bom Jesus - 137 - CEP: 50030-170 - Recife,Recife,PE,Faculdade,Presencial - Superior,Privada,Privada com fins lucrativos,21/08/2020,5,2019,-,,-,,,,,Ativa
18167,COLEGIO BRASILEIRO DE ESPECIALIZACAO ACADEMICA EM MEDICINA E SAUDE LTDA,12.985.286/0001-90,Privada com fins lucrativos,26267,Faculdade Brasileira de Medicina e Saúde (CMBS),CMBS,(81) 2129-1007; (81) 3203-5770 ou (81) 9 9433-6051,,diretoriafinanceira@cbms.med.br,Rua Professor Severino Tolentino - 144 - CEP: 54400-140 - Piedade,Jaboatão dos Guararapes,PE,Faculdade,EAD - Superior,Privada,Privada com fins lucrativos,26/11/2024,-,,5,2023,-,,,,,Ativa
278,UNIAO BRASILEIRA DE EDUCACAO CATOLICA,00.331.801/0001-30,Pessoa Jurídica de Direito Privado - Sem fins lucrativos - Associação de Utilidade Pública,2723,FACULDADE CATÓLICA IMACULADA CONCEIÇÃO DO RECIFE (CATÓLICA),CATÓLICA,(81) 21270500,https://ficr.catolica.edu.br/portal/,polyana.souza@ficr.edu.br,Avenida Caxangá - 3839 - CEP: 50670-902 - Iputinga,Recife,PE,Faculdade,Presencial - Superior,Privada,Privada sem fins lucrativos,31/12/2002,4,2023,-,,3,2022,,,,Ativa
16215,SOCIEDADE DE EDUCACAO E TECNOLOGIA CEAM LTDA,19.775.838/0001-85,Privada com fins lucrativos,19369,Faculdade CEAM (CEAM),CEAM,81997200455,faculdadeceam.com.br,contato@faculdadeceam.com.br,Rua Joaquim Felipe - 73 - CEP: 50050-340 - Boa Vista,Recife,PE,Faculdade,Presencial - Superior,Privada,Privada com fins lucrativos,23/05/2017,3,2022,-,,4,2022,,,,Ativa
17074,CENTRO DE ESTUDOS ACADEMICOS DO RECIFE EIRELI,29.644.327/0001-88,Privada com fins lucrativos,23191,Faculdade Central do Recife-Centro (FACEN),FACEN,8199996669,www.faculdadecentraldorecife.edu.br,FREDERICO.BELFORT@faculdadecentraldorecife.edu.br,Rua Velha - 34 A - CEP: 50060-210 - Boa Vista,Recife,PE,Faculdade,Presencial - Superior,Privada,Privada com fins lucrativos,12/09/2019,5,2024,-,,-,,,,,Ativa
16797,COMPLEXO DE ENSINO RENATO SARAIVA LTDA,08.403.264/0001-06,Privada com fins lucrativos,17091,Faculdade CERS (CERS),CERS,81-33275768,,guilherme@cers.com.br;,Avenida Rui Barbosa - 715 - CEP: 52011-040 - Graças,Recife,PE,Faculdade,EAD - Superior / Presencial - Superior,Privada,Privada sem fins lucrativos,29/04/2015,4,2020,4,2018,-,,,,"Credenciamento EaD Provisório, Em supervisão - Procedimento Sancionador",Ativa
16845,CESAR CENTRO DE ESTUDOS E SISTEMAS AVANCADOS DO RECIFE,01.203.327/0001-23,Pessoa Jurídica de Direito Privado - Sem fins lucrativos - Associação de Utilidade Pública,19327,Faculdade Cesar (FCE),FCE,81 34196700,www.cesar.school,contato@cesar.school,Rua do Brum - 77 - CEP: 50030-260 - Recife,Recife,PE,Faculdade,EAD - Superior / Presencial - Superior,Privada,Privada sem fins lucrativos,21/07/2016,5,2022,5,2021,5,2022,,,,Ativa
17883,CESPU BRASIL EDUCACAO EIRELI,35.587.697/0001-23,Privada com fins lucrativos,25712,FACULDADE CESPU EUROPA BRASIL (FACCE),FACCE,8140421660,,fptavares2003@yahoo.com.br,Estrada da Batalha - 1200 - CEP: 54315-570 - Jardim Jordão,Jaboatão dos Guararapes,PE,Faculdade,Presencial - Superior,Privada,Privada com fins lucrativos,24/10/2022,4,2021,-,,-,,,,,Ativa
18604,SESRIO EDUCACIONAL LTDA,49.233.939/0001-95,Privada com fins lucrativos,19860,FACULDADE CONCEITO EDUCACIONAL (FACCON),FACCON,87 99953-5900,www.faccon.com.br,contato@faccon.com.br; educacionaldirecao@gmail.com; humbertorochimin@yahoo.com.br,Rua Anízio Pacheco Duque - 1000 - CEP: 56509-220 - São Miguel,Arcoverde,PE,Faculdade,Presencial - Superior,Privada,Privada com fins lucrativos,16/11/2017,3,2023,-,,-,,,,,Ativa
1237,SOCIEDADE DE ENSINO SUPERIOR DA ESCADA LTDA - SOESE,03.373.369/0001-38,Privada com fins lucrativos,1881,FACULDADE DA ESCADA (FAESC),FAESC,(81)984913780,www.faesc.edu.br,silviagpeducacao@gmail.com,Rua Coronel Antônio Marques - 67 - CEP: 55500-000 - Centro,Escada,PE,Faculdade,EAD - Superior / Presencial - Superior,Privada,Privada com fins lucrativos,06/12/2001,3,2023,4,2021,3,2022,,,,Ativa
2300,ASSOCIACAO DAS RELIGIOSAS DA INSTRUCAO CRISTA,10.847.762/0001-81,Privada sem fins lucrativos,3631,FACULDADE DAMAS DA INSTRUÇÃO CRISTÃ (FADIC),FADIC,(81)3426-5026,www.faculdadedamas.edu.br,ir.alcilene@faculdadedamas.edu.br,Avenida Rui Barbosa - 1426 - CEP: 52050-000 - Bairro das Graças,Recife,PE,Faculdade,EAD - Superior / Presencial - Superior,Privada,Privada sem fins lucrativos,01/04/2005,4,2018,4,2021,4,2022,,,,Ativa
18478,UNIFAST EDUCACIONAL LTDA,40.813.561/0001-24,Privada com fins lucrativos,1454,"FACULDADE DE ADMINISTRAÇÃO, SAÚDE E TECNOLOGIA (FAST)",FAST,81999855951,www.faculdadesalesianarecife.edu.br,eduarda@unifast.com.br,Rua Dom Bosco - 551 - CEP: 50070-070 - Boa Vista,Recife,PE,Faculdade,Presencial - Superior,Privada,Privada com fins lucrativos,24/02/2000,3,2021,-,,2,2021,,,,Ativa
468,AUTARQUIA EDUCACIONAL DO ARARIPE,11.469.541/0001-80,Pessoa Jurídica de Direito Público - Municipal,704,FACULDADE DE CIÊNCIAS AGRÁRIAS DE ARARIPINA (FACIAGRA),FACIAGRA,(87) 3873 0440,www.aeda.edu.br,presidencia@aeda.edu.br,Avenida Florentino Alves Batista - S/N - CEP: 56280-000 - CENTRO,Araripina,PE,Faculdade,Presencial - Superior,Publica,Especial,02/02/1986,-,,-,,3,2022,,,,Ativa
455,FACULDADE DE CIENCIAS DA ADMINISTRACAO DO LIMOEIRO,11.166.741/0001-63,Pessoa Jurídica de Direito Público - Municipal,686,FACULDADE DE CIÊNCIAS APLICADAS DE LIMOEIRO (FACAL),FACAL,81 36281714,www.facal.edu.br,facal@facal.edu.br,Avenida Jerônimo Heraclio - 81 - CEP: 55700-000 - CENTRO,Limoeiro,PE,Faculdade,Presencial - Superior,Publica,Especial,13/12/1973,-,,-,,3,2022,,,,Ativa
430,AUTARQUIA EDUCACIONAL DE SERRA TALHADA AESET,11.115.011/0001-33,Pessoa Jurídica de Direito Público - Municipal,17775,Faculdade de Ciências da Saúde de Serra Talhada (FACISST),FACISST,(87)3831-2311,,facisst@gmail.com,Avenida Afonso Magalhães - SN - CEP: 56912-380 - São Cristóvão,Serra Talhada,PE,Faculdade,Presencial - Superior,Publica,Especial,,-,,-,,2,2022,,,,Ativa
718,ASSOCIACAO DE ENSINO SUPERIOR SANTA TEREZINHA,70.223.060/0001-59,Pessoa Jurídica de Direito Privado - Sem fins lucrativos - Associação de Utilidade Pública,17116,Faculdade de Ciências de Goiana (FCG),FCG,81 3626 0355,,"emec@anovaeducacao.com, luciatavaressousa@outlook.com",Rua Duque de Caxias - 621 - CEP: 55900-000 - Centro,Goiana,PE,Faculdade,Presencial - Superior,Privada,Privada sem fins lucrativos,11/10/2016,4,2023,-,,3,2021,,,,Ativa
718,ASSOCIACAO DE ENSINO SUPERIOR SANTA TEREZINHA,70.223.060/0001-59,Pessoa Jurídica de Direito Privado - Sem fins lucrativos - Associação de Utilidade Pública,1021,FACULDADE DE CIÊNCIAS DE TIMBAÚBA (FACET),FACET,(81) 3631 0752,www.faculdadedetimbauba.edu.br,"emec@anovaeducacao.com, luciatavaressousa@outlook.com",Av Antonio Xavier de Morais - 3 - CEP: 55870-000 - SAPUCAIA,Timbaúba,PE,Faculdade,Presencial - Superior,Privada,Privada sem fins lucrativos,26/09/1997,4,2023,-,,3,2022,,,Unificação de Mantidas,Ativa
17262,CCE - CENTRO DE CAPACITACAO EDUCACIONAL LTDA.,02.942.309/0001-26,Privada com fins lucrativos,23798,Faculdade de Ciências e Educação em Saúde (FACCESA),FACCESA,,https://www.cce.faccesa.edu.br/,coordenacaopedagogica@ccecursos.com.br;leonidasalbuquerque@hotmail.com,Avenida Conselheiro Aguiar - 1729 - CEP: 51111-011 - Boa Viagem,Recife,PE,Faculdade,Presencial - Superior,Privada,Privada com fins lucrativos,21/09/2021,4,2019,-,,-,,,,,Ativa
467,AUTARQUIA MUNICIPAL DO ENSINO SUPERIOR DE GOIANA,11.408.812/0001-97,Pessoa Jurídica de Direito Público - Municipal,702,FACULDADE DE CIÊNCIAS E TECNOLOGIA PROFESSOR DIRSON MACIEL DE BARROS (FADIMAB),FADIMAB,(81) 3626 0740,www.fadimab.edu.br,ribeiromarcos@hotmail.com,Rua Poço do Rei - S/N - CEP: 55900-000 - CENTRO,Goiana,PE,Faculdade,Presencial - Superior,Publica,Especial,13/09/1972,-,,-,,3,2022,,,,Ativa
104,ASSOCIACAO INSTRUTORA MISSIONARIA,10.579.324/0001-80,Privada sem fins lucrativos,144,FACULDADE DE CIÊNCIAS HUMANAS DE OLINDA (FACHO),FACHO,(81) 3429 4100,www.facho.br,facho@facho.br,"Rodovia PE 15, KM 3.6 - S/N - CEP: 53330-740 - Ouro Preto",Olinda,PE,Faculdade,Presencial - Superior,Privada,Privada sem fins lucrativos,17/01/1973,4,2024,-,,3,2022,,,,Ativa
516,SOCIEDADE PERNAMBUCANA DE CULTURA E ENSINO LTDA - SOPECE,08.141.582/0001-38,Privada com fins lucrativos,760,FACULDADE DE CIÊNCIAS HUMANAS DE PERNAMBUCO (FCHPE),FCHPE,(81)32214423 (81)21237979,www.sopece.br,sopece@sopece.br,Avenida João de Barros - 561 - CEP: 50050-180 - Boa Vista,Recife,PE,Faculdade,Presencial - Superior,Privada,Privada com fins lucrativos,03/12/1987,3,2017,-,,3,2022,,,,Ativa
509,AUTARQUIA EDUCACIONAL DE SALGUEIRO,11.351.343/0001-17,Pessoa Jurídica de Direito Público - Municipal,753,FACULDADE DE CIÊNCIAS HUMANAS DO SERTÃO CENTRAL (FACHUSC),FACHUSC,8738710217,www.fachusc.com.br,fachuscpe@gmail.com,RUA ANTÔNIO FILGUEIRA SAMPAIO - 134 - CEP: 56000-000 - AUGUSTO SAMPAIO,Salgueiro,PE,Faculdade,Presencial - Superior,Publica,Especial,30/08/1984,-,,-,,2,2022,,,,Ativa
2293,SOCIEDADE AMIGOS DA INSTRUCAO DE JATINA - ME,09.801.291/0001-91,Privada com fins lucrativos,3617,FACULDADE DE CIÊNCIAS HUMANAS E EXATAS DO SERTÃO DO SÃO FRANCISCO (FACESF),FACESF,(87)3876 1460,www.facesf.com.br,facesf@hotmail.com,Rua Coronel Trapiá - 202 - CEP: 56440-000 - Centro,Belém do São Francisco,PE,Faculdade,Presencial - Superior,Privada,Privada com fins lucrativos,09/07/2007,3,2017,-,,2,2022,,,,Ativa
483,AUTARQUIA EDUCACIONAL PARA O DESENV CULTURAL DO CABO,11.690.351/0001-98,Pessoa Jurídica de Direito Público - Municipal,720,FACULDADE DE CIÊNCIAS HUMANAS E SOCIAIS APLICADAS DO CABO DE SANTO AGOSTINHO (FACHUCA),FACHUCA,(81) 35210483,www.fachuca.edu.br,fachuca@fachuca.edu.br,Rua do Campo - S/N - CEP: 54510-110 - Destilaria,Cabo de Santo Agostinho,PE,Faculdade,Presencial - Superior,Publica,Pública Municipal,28/07/1992,-,,-,,3,2022,,,,Ativa
468,AUTARQUIA EDUCACIONAL DO ARARIPE,11.469.541/0001-80,Pessoa Jurídica de Direito Público - Municipal,5664,FACULDADE DE CIÊNCIAS HUMANAS E SOCIAIS DE ARARIPINA - FACISA (FACISA),FACISA,8738731001,,sac.facisa@aeda.edu.br,Rodovia Araripina/Lagoa de Dentro Km2 - s/n - CEP: 56280-000 - Vila Santa Maria,Araripina,PE,Faculdade,Presencial - Superior,Publica,Especial,02/05/2006,-,,-,,2,2022,,,,Ativa
430,AUTARQUIA EDUCACIONAL DE SERRA TALHADA AESET,11.115.011/0001-33,Pessoa Jurídica de Direito Público - Municipal,15410,Faculdade de Ciencias Humanas e Sociais de Serra Talhada (FACHUSST),FACHUSST,8738312311,,magna.mourato@hotmail.com,"Avenida Afonso Magalhães, s/n FAFOPST-Faculdade de Formação de Professores de Serra Talhada - s/n - CEP: 56912-902 - Várzea",Serra Talhada,PE,Faculdade,Presencial - Superior,Publica,Especial,19/02/2008,-,,-,,4,2022,,,,Ativa
284,ASSOCIACAO RECIFENSE DE EDUCACAO E CULTURA,10.473.817/0001-30,Privada sem fins lucrativos,410,FACULDADE DE CIÊNCIAS HUMANAS ESUDA (FCHE),FCHE,(81) 3412 4242,www.esuda.edu.br,claudia_barretto@hotmail.com,Rua Almeida Cunha - 100 - CEP: 50050-480 - Santo Amaro,Recife,PE,Faculdade,Presencial - Superior,Privada,Privada sem fins lucrativos,08/05/1974,3,2018,-,,3,2022,,,,Ativa
14514,EDITORA E DISTRIBUIDORA EDUCACIONAL S/A,38.733.648/0001-40,Privada com fins lucrativos,22147,Faculdade de Ciências Jurídicas de Belo Jardim,-,,,ddi@kroton.com.br; quezia.rebula@cogna.com.br,Rua Doutor Henrique Nascimento - 41 - CEP: 55155-580 - São Pedro,Belo Jardim,PE,Faculdade,Presencial - Superior,Privada,Privada com fins lucrativos,16/07/2019,3,2024,-,,-,,,,,Ativa
56,AUTARQUIA EDUCACIONAL DA MATA SUL,08.653.818/0001-15,Pessoa Jurídica de Direito Público - Municipal,4356,FACULDADE DE CIÊNCIAS SOCIAIS DOS PALMARES (FACIP),FACIP,(81) 3661 1876,www.aemasul.edu.br,facipdocumentos@hotmail.com,Br 101 K 186 Sul - s/n - CEP: 55540-000 - Engenho São Manoel,Palmares,PE,Faculdade,Presencial - Superior,Publica,Especial,31/08/2004,-,,-,,2,2022,,,,Ativa
16637,IESPE- INSTITUTO DE EDUCACAO SUPERIOR DE PERNAMBUCO LTDA - ME,21.950.590/0001-93,Privada com fins lucrativos,21583,FACULDADE DE EDUCAÇÃO SUPERIOR DE PERNAMBUCO (FAESPE),FAESPE,,,marciomugnol@gmail.com,Rua São Francisco - 446 - CEP: 56308-060 - Atrás da Banca,Petrolina,PE,Faculdade,Presencial - Superior,Privada,Privada com fins lucrativos,16/11/2017,3,2023,-,,2,2022,,,,Ativa
15798,"SOEVASF SOCIEDADE DE DESENVOLVIMENTO EDUCACIONAL, CULTURAL E SOCIAL DO VALE DO SAO FRANCISCO LTDA",13.193.710/0001-27,Privada com fins lucrativos,17715,FACULDADE DE EDUCAÇÃO SUPERIOR DE PERNAMBUCO (FACESP),FACESP,(87) 3862-1363,www.facespedu.com.br,profhonoratoneto@gmail.com,Rua Matias de Albuquerque - 123 - CEP: 56306-220 - Gercino Coelho,Petrolina,PE,Faculdade,EAD - Superior / Presencial - Superior,Privada,Privada com fins lucrativos,19/07/2016,3,2022,5,2022,2,2022,,,,Ativa
16816,FACULDADE VALE DO PAJEU LTDA - EPP,26.817.470/0001-36,Privada com fins lucrativos,24991,FACULDADE DE EDUCAÇÃO VALE DO PAJEÚ (FVP),FVP,81 99691-5520,,cleonildo10@hotmail.com;gildasio@lupa-rj.com.br,Quadra 01 - lotes 04 a 08 - CEP: 55660-000 - Loteamento Riacho Verdejante,Bezerros,PE,Faculdade,Presencial - Superior,Privada,Privada com fins lucrativos,24/10/2022,4,2021,-,,-,,,,,Ativa
56,AUTARQUIA EDUCACIONAL DA MATA SUL,08.653.818/0001-15,Pessoa Jurídica de Direito Público - Municipal,72,FACULDADE DE FORMAÇÃO DE PROFESSORES DA MATA SUL (FAMASUL),FAMASUL,081-3661-0625,www.famasul.edu.br,famasuldocumentos@gmail.com,Br 101 Km 186 Sul - S/N - CEP: 55540-000 - ENGENHO SAO MANOEL,Palmares,PE,Faculdade,Presencial - Superior,Publica,Especial,14/06/1972,-,,-,,2,2022,,,,Ativa
468,AUTARQUIA EDUCACIONAL DO ARARIPE,11.469.541/0001-80,Pessoa Jurídica de Direito Público - Municipal,703,FACULDADE DE FORMAÇÃO DE PROFESSORES DE ARARIPINA (FAFOPA),FAFOPA,(87) 3873.1001,portalaeda.edu.br,fafopa@hotmail.com,Avenida Florentino Alves Batista - S/N - CEP: 56280-000 - Centro,Araripina,PE,Faculdade,Presencial - Superior,Publica,Especial,21/05/1979,-,,-,,2,2019,,,,Ativa
430,AUTARQUIA EDUCACIONAL DE SERRA TALHADA AESET,11.115.011/0001-33,Pessoa Jurídica de Direito Público - Municipal,657,FACULDADE DE FORMAÇÃO DE PROFESSORES DE SERRA TALHADA (FAFOPST),FAFOPST,87999079070,aeset.edu.br,re.mmedeiros@hotmail.com,Avenida Afonso Magalhães - S/N - CEP: 56900-000 - NSª DA CONCEIÇÃO,Serra Talhada,PE,Faculdade,Presencial - Superior,Publica,Especial,19/07/1983,-,,-,,3,2022,,,,Ativa
16620,CENTRO DE ENSINO SUPERIOR DE GOIANA LTDA - ME,18.963.487/0001-73,Privada com fins lucrativos,21556,FACULDADE DE GOIANA (FAG),FAG,8199256-5731,www.faculdadedegoiana.com.br,secretaria@faculdadedegoiana.com.br; alexandre@faculdadedegoiana.com.br; suellensmedeiros1@gmail.com,Avenida Nunes Machado - 199 - CEP: 55900-000 - Centro,Goiana,PE,Faculdade,Presencial - Superior,Privada,Privada com fins lucrativos,07/05/2018,5,2023,-,,3,2022,,,,Ativa
15559,BARROS MELO ENSINO SUPERIOR S.A.,13.671.759/0001-48,Privada com fins lucrativos,16879,Faculdade de Medicina de Olinda (FMO),FMO,(81) 30115454,www.fmo.edu.br,barrosmelo09@gmail.com,Rua Doutor Manoel de Almeida Belo - 1333 - CEP: 53030-030 - Bairro Novo,Olinda,PE,Faculdade,Presencial - Superior,Privada,Privada com fins lucrativos,27/09/2016,5,2022,-,,-,,,,,Ativa
1547,SOCIEDADE REGIONAL DE ENSINO E SAUDE LTDA,04.600.555/0001-25,Privada com fins lucrativos,24470,Faculdade de Medicina do Sertão (FMS),FMS,(87) 2101-4289,medicinadosertao.com.br,secretaria.presidencia@slmandic.edu.br,Avenida Osvaldo Cruz - 10.017 - CEP: 56512-670 - São Cristóvão,Arcoverde,PE,Faculdade,Presencial - Superior,Privada,Privada com fins lucrativos,04/06/2020,5,2024,-,,-,,,,,Ativa
2009,FUNDACAO ODONTOLOGICA PRESIDENTE CASTELLO BRANCO,11.526.498/0001-47,Pessoa Jurídica de Direito Privado - Sem fins lucrativos - Associação de Utilidade Pública,3146,FACULDADE DE ODONTOLOGIA DO RECIFE (FOR),FOR,(81) 3221 3325 e 3423 7553,www.for.edu.br,secretaria@for.edu.br,Rua Artur Coutinho - 143 - CEP: 50100-280 - Santo Amaro,Recife,PE,Faculdade,Presencial - Superior,Privada,Privada sem fins lucrativos,23/08/2002,4,2023,-,,3,2022,,,,Ativa
460,AUTARQUIA EDUCACIONAL DO VALE DO SAO FRANCISCO,11.157.971/0001-66,Pessoa Jurídica de Direito Público - Municipal,692,FACULDADE DE PETROLINA (FACAPE),FACAPE,8738663208,www.facape.br,moises.almeida@facape.br,Campus Universitário - S/N - CEP: 56328-903 - VILA EDUARDO,Petrolina,PE,Faculdade,Presencial - Superior,Publica,Especial,24/10/1978,-,,3,2021,3,2022,,,,Ativa
17338,FACULDADE FLORESTA LTDA,32.598.882/0001-25,Privada com fins lucrativos,24056,Faculdade de Saúde do Sertão de Pernambuco (FASPE),FASPE,,,fasspe@outlook.com,"Avenida Governador Paulo Pessoa Guerra, - 618 - CEP: 56400-000 - CENTRO",Floresta,PE,Faculdade,Presencial - Superior,Privada,Privada com fins lucrativos,11/10/2022,4,2021,-,,-,,,,,Ativa
16093,ORGANIZACAO TECNOLOGICA DE ENSINO LTDA,07.714.798/0001-82,Privada com fins lucrativos,22762,Faculdade de Tecnologia e Ciências - FTC Caruaru (FTC - Caruaru),FTC - Caruaru,,https://www.uniftc.edu.br,avalia@ftc.edu.br;lsoares@ftc.edu.br;vrangel.fsa@ftc.edu.br,Rua Marechal Cândido Rondon - 214 - CEP: 55032-350 - Petrópolis,Caruaru,PE,Faculdade,Presencial - Superior,Privada,Privada com fins lucrativos,15/01/2020,3,2018,-,,-,,,,Em Descredenciamento voluntário,Ativa
16093,ORGANIZACAO TECNOLOGICA DE ENSINO LTDA,07.714.798/0001-82,Privada com fins lucrativos,20607,Faculdade de Tecnologia e Ciências - FTC Petrolina (FTC Petrolina),FTC Petrolina,0800 056 6666,http://www.ftc.br/petrolina/home/,amello@ftc.edu.br;lsoares@ftc.edu.br;dcocco.jua@ftc.edu.br,Avenida Clementino Coelho - 714 - CEP: 56308-210 - Centro,Petrolina,PE,Faculdade,EAD - Superior / Presencial - Superior,Privada,Privada com fins lucrativos,23/05/2017,4,2022,5,2021,4,2022,,,,Ativa
13506,SERVICO NACIONAL DE APRENDIZAGEM INDUSTRIAL,03.789.272/0001-00,Privada sem fins lucrativos,14412,FACULDADE DE TECNOLOGIA SENAI PERNAMBUCO,-,81 32025132,,tatyana.gugelmin@sistemafiepe.org.br,Avenida Norte Miguel Arraes de Alencar - 539 - CEP: 50100-000 - Santo Amaro,Recife,PE,Faculdade,Presencial - Superior,Privada,Privada sem fins lucrativos,28/02/2013,3,2017,-,,-,,,,Em Descredenciamento voluntário,Ativa
2132,ASSOCIACAO CULTURAL TEOLOGICA DO NORDESTE,04.528.095/0001-71,Pessoa Jurídica de Direito Privado - Sem fins lucrativos - Associação de Utilidade Pública,3376,FACULDADE DE TEOLOGIA INTEGRADA (FATIN),FATIN,(81)98791 8647 (81)3543 3259,www.fatin.com.br,hilgerly@hotmail.com; secretaria.igarassu@fatin.com.br,"BR 101 Km 42,5 - s/n - CEP: 53610-970 - Centro",Igarassu,PE,Faculdade,EAD - Superior / Presencial - Superior,Privada,Privada sem fins lucrativos,16/05/2005,4,2020,4,2018,2,2022,,,,Ativa
454,AUTARQUIA EDUCACIONAL DO MUNICIPIO DO BELO JARDIM,11.464.153/0001-06,Pessoa Jurídica de Direito Público - Municipal,685,FACULDADE DO BELO JARDIM (FBJ),FBJ,8137268100,www.aeb.edu.br,lindhiane.farias@prof.aeb.edu.br,Sítio Inhumas - s/n - CEP: 55150-000 - Zona Rural,Belo Jardim,PE,Faculdade,Presencial - Superior,Publica,Especial,19/08/1976,-,,-,,2,2022,,,,Ativa
1125,APESU ENSINO SUPERIOR DE PERNAMBUCO LTDA,11.870.359/0001-36,Privada com fins lucrativos,2242,FACULDADE DO RECIFE (FAREC),FAREC,(11)5586 4291,,pigeral@unip.br;pigeral2020@gmail.com,Rua Dom Bosco - 551 - CEP: 50070-070 - Boa Vista,Recife,PE,Faculdade,Presencial - Superior,Privada,Privada com fins lucrativos,23/12/2002,4,2021,-,,3,2022,,,,Ativa
709,AUTARQUIA EDUCACIONAL DE AFOGADOS DA INGAZEIRA-AEDAI,11.479.037/0001-60,Pessoa Jurídica de Direito Público - Municipal,1012,FACULDADE DO SERTÃO DO PAJEÚ (FASP),FASP,(87) 3838 1579/(87) 99652-2229,www.aedaifasp.com.br,aedaifasp2016@gmail.com,Rua Doutor Osvaldo Gouveia - S/N - CEP: 56800-000 - CENTRO,Afogados da Ingazeira,PE,Faculdade,Presencial - Superior,Publica,Especial,14/01/1986,-,,-,,3,2022,,,,Ativa
16619,REDE FLORENCE DE ENSINO LTDA,24.300.479/0001-40,Privada com fins lucrativos,21557,FACULDADE DOS PALMARES (FAP),FAP,(81) 3264.1918 / (81) 99861.6467 / (81) 99233.2108,www.faculdadedospalmares.com.br,secretaria@faculdadedospalmares.com.br,"RODOVIA BR 101, KM 188 - S/N - CEP: 55540-000 - JAPARANDUBA",Palmares,PE,Faculdade,Presencial - Superior,Privada,Privada com fins lucrativos,23/05/2018,4,2024,-,,-,,,,,Ativa
15463,SEDESPE - SOCIEDADE EDUCACIONAL DE DESENVOLVIMENTO REGIONAL DE PERNAMBUCO LTDA. - ME,07.986.684/0001-91,Privada com fins lucrativos,16525,FACULDADE DUARTE COELHO (FDC),FDC,81 994391678,,alexbfonseca3@gmail.com,PE-90 - s/n - CEP: 55750-000 - Loteamento Maracajá,Surubim,PE,Faculdade,Presencial - Superior,Privada,Privada com fins lucrativos,04/11/2013,3,2012,-,,3,2022,,,,Ativa
16636,FACULDADE SA AGUIAR LTDA - EPP,24.402.969/0001-57,Privada com fins lucrativos,21574,FACULDADE EGAS MONIZ (FEM),FEM,81-3341.1747,www.egasmoniz.com.br,gerezfigueiredo@hotmail.com,Rua João Cardoso Aires - 705 - CEP: 51130-300 - Boa Viagem,Recife,PE,Faculdade,Presencial - Superior,Privada,Privada com fins lucrativos,16/11/2018,4,2018,-,,-,,,,"Suspensão contrato FIES, Suspensão PROUNI",Ativa
16466,CENTRO EDUCACIONAL E DESPORTIVO ELO LTDA. - ME,22.269.052/0001-09,Privada com fins lucrativos,20666,Faculdade ELO (FAELO),FAELO,"813461,1035",www.faelo.com.br,faelorecife@gmail.com,Rua José Paraíso - 189 - CEP: 51030-390 - Boa Viagem,Recife,PE,Faculdade,Presencial - Superior,Privada,Privada com fins lucrativos,08/03/2018,3,2023,-,,2,2022,,,,Ativa
1245,ENSIGEST - BRASIL LTDA - EPP,03.111.461/0001-20,Privada com fins lucrativos,1894,FACULDADE EUROPÉIA DE TECNOLOGIA E CIÊNCIAS HUMANAS - EUROTECH (EUROTECH),EUROTECH,(81) 3461 4008,www.faculdadeeuropeia.com.br,faleconosco@faculdadefepam.com.br,Avenida Zequinha Barreto - 343 - CEP: 54400-090 - Piedade,Jaboatão dos Guararapes,PE,Faculdade,Presencial - Superior,Privada,Privada com fins lucrativos,10/12/2001,3,2016,-,,3,2021,,,"Suspensão contrato FIES, Suspensão PROUNI",Ativa
3144,INSTITUTO OPTOMETRICO DE PERNAMBUCO,05.783.107/0001-77,Pessoa Jurídica de Direito Privado - Sem fins lucrativos - Associação de Utilidade Pública,10613,FACULDADE FASUP (FASUP),FASUP,(81) 30103119,www.fasup.com,darla@fasup.com,Avenida Doutor Cláudio José Gueiros Leite - 3580 - CEP: 53437-000 - Janga,Paulista,PE,Faculdade,EAD - Superior / Presencial - Superior,Privada,Privada sem fins lucrativos,20/01/2011,3,2017,4,2022,2,2022,,,,Ativa
16605,CENTRO DE ENSINO GRAU T LTDA.,24.050.766/0001-49,Privada com fins lucrativos,21928,FACULDADE GRAU S ENSINO SUPERIOR (GRAU),GRAU,8131256850,,"ruymauricio@grautecnico.com.br, juridico@grautecnico.com.br, julioborba00@gmail.com",Avenida Conde da Boa Vista - 1245 - CEP: 50060-003 - Soledade,Recife,PE,Faculdade,EAD - Superior / Presencial - Superior,Privada,Privada com fins lucrativos,17/02/2020,3,2017,4,2019,-,,,,,Ativa
17448,EQUIPE EDUCACIONAL GH LTDA,33.856.347/0001-90,Privada com fins lucrativos,21982,Faculdade Integrada CETE (FIC),FIC,87 99953-5900,https://www.ficgaranhuns.com.br/,faculdadeintegradaceta@gmail.com; humbertorochimin@yahoo.com.br; educacionaldirecao@gmail.com,Rodovia BR-423 - S/N - CEP: 55295-130 - São José,Garanhuns,PE,Faculdade,Presencial - Superior,Privada,Privada com fins lucrativos,15/01/2019,4,2024,-,,-,,,,,Ativa
15967,CENTRO TECNOLOGICO DE DESENVOLVIMENTO LTDA - ME,06.294.555/0001-70,Privada com fins lucrativos,18267,FACULDADE INTEGRADA DE GESTÃO E MEIO AMBIENTE (FACIGMA),FACIGMA,81 3032-2408,www.facigma.org,regobarrosfilho@hotmail.com,Rua do Hospício - 362 - CEP: 50050-050 - Boa Vista,Recife,PE,Faculdade,Presencial - Superior,Privada,Privada com fins lucrativos,19/07/2016,3,2014,-,,2,2022,,,,Ativa
16214,SOCIEDADE DE EDUCACAO E TECNOLOGIA VIEIRA DE JABOATAO LTDA,19.773.583/0001-11,Privada com fins lucrativos,19716,Faculdade Integral de Jaboatão dos Guararapes (FIJ),FIJ,,,lauro.vieira@gmail.com,Rua Marechal Hermes da Fonseca - 20 - CEP: 54400-333 - Piedade,Jaboatão dos Guararapes,PE,Faculdade,Presencial - Superior,Privada,Privada com fins lucrativos,07/11/2017,3,2016,-,,-,,,,,Ativa
17311,INSTITUTO LUIZ MARIO MOUTINHO LTDA,19.831.816/0001-95,Privada com fins lucrativos,25157,Faculdade Luiz Mário Moutinho (FLMM),FLMM,81 30382284,https://faculdadeluizmariomoutinho.com.br/website/,academico@institutoluizmariomoutinho.com.br ; antonio@amaciel.com.br;,Avenida Governador Agamenon Magalhães - 4779 - CEP: 50070-160 - Boa Vista,Recife,PE,Faculdade,Presencial - Superior,Privada,Privada com fins lucrativos,07/10/2021,4,2020,-,,-,,,,Em supervisão - Procedimento Sancionador,Ativa
1154,ORGANIZACAO PERNAMBUCANA DE EDUCACAO CIENCIA E CULTURA,04.224.338/0001-88,Pessoa Jurídica de Direito Privado - Sem fins lucrativos - Fundação,19838,Faculdade Lusitana de Pernambuco (FALUP),FALUP,,,jolimpioneto@yahoo.com.br,Avenida Congresso Eucarístico Internacional - 01 - CEP: 55811-000 - Santa Cruz,Carpina,PE,Faculdade,Presencial - Superior,Privada,Privada sem fins lucrativos,03/06/2019,3,2018,-,,2,2022,,,,Ativa
1154,ORGANIZACAO PERNAMBUCANA DE EDUCACAO CIENCIA E CULTURA,04.224.338/0001-88,Pessoa Jurídica de Direito Privado - Sem fins lucrativos - Fundação,1749,FACULDADE LUSO-BRASILEIRA (FALUB),FALUB,(81) 3621 0668,www.falub.edu.br,maurifalub@crape.com.br;fptavares2003@yahoo.com.br;secretaria@falub.edu.br,Avenida Congresso Eucarístico Internacional - 01 - CEP: 55811-000 - Santa Cruz,Carpina,PE,Faculdade,Presencial - Superior,Privada,Privada sem fins lucrativos,06/07/2001,3,2017,-,,3,2022,,,,Ativa
16812,AMORIM ENSINO TECNICO E SUPERIOR LTDA,11.233.879/0001-38,Privada com fins lucrativos,22073,FACULDADE MACÊDO DE AMORIM (FAMAM),FAMAM,35234210,,faculdademacedodeamorim@gmail.com,Rua Conselheiro Severino Francisco Alves - 174 - CEP: 55602-635 - Livramento,Vitória de Santo Antão,PE,Faculdade,Presencial - Superior,Privada,Privada com fins lucrativos,15/01/2019,4,2022,-,,3,2022,,,,Ativa
1100,UNIAO DAS ESCOLAS SUPERIORES DE JABOATAO-UNESJ,02.662.317/0001-19,Pessoa Jurídica de Direito Privado - Sem fins lucrativos - Fundação,1675,FACULDADE METROPOLITANA DA GRANDE RECIFE (UNESJ),UNESJ,(81) 2128 0500,www.metropolitana.edu.br,metropolitana@metropolitana.edu.br,Avenida Barreto de Menezes - 809 - CEP: 54410-100 - Piedade,Jaboatão dos Guararapes,PE,Faculdade,Presencial - Superior,Privada,Privada sem fins lucrativos,23/03/2001,4,2019,4,2019,2,2022,,,,Ativa
17110,AALP ENSINO E EDUCACAO LIMITADA,29.815.187/0001-63,Privada com fins lucrativos,23383,FACULDADE NACIONAL (FANAC),FANAC,81 3127-0730,www.fanac.com.br,contato@fanac.com.br,Rua Engenheiro Oscar Ferreira - 15 - CEP: 52061-020 - Poço,Recife,PE,Faculdade,Presencial - Superior,Privada,Privada com fins lucrativos,13/01/2020,3,2019,3,2019,-,,,,"Suspensão contrato FIES, Suspensão PROUNI",Ativa
16449,ALPHA SISTEMAS EDUCACIONAIS E TREINAMENTOS - EIRELI,15.708.483/0001-50,Privada com fins lucrativos,19197,FACULDADE NIP DE CIÊNCIAS APLICADAS (FANIP),FANIP,8130322655,www.fanip.com.br,diretoria@fanip.com.br,Avenida Cruz Cabugá - 98 - CEP: 50040-000 - Santo Amaro,Recife,PE,Faculdade,Presencial - Superior,Privada,Privada com fins lucrativos,15/02/2017,3,2015,-,,-,,,,"Suspensão contrato FIES, Suspensão PROUNI",Ativa
2994,CENTRO BRASILEIRO DE PROFISSIONALIZACAO EMPRESARIAL LTDA,06.302.344/0001-31,Privada com fins lucrativos,4700,FACULDADE NOVA ROMA (FNR),FNR,(81)21288000,https://portal.novaroma.edu.br/,mauricelia.montenegro@romaeducacional.com.br;mbvidal@uol.com.br;alexandrecordel@gmail.com,Rua Benfica - 352 - CEP: 50720-001 - Madalena,Recife,PE,Faculdade,Presencial - Superior,Privada,Privada com fins lucrativos,21/05/2007,5,2019,-,,3,2022,,,,Ativa
2994,CENTRO BRASILEIRO DE PROFISSIONALIZACAO EMPRESARIAL LTDA,06.302.344/0001-31,Privada com fins lucrativos,159,FACULDADE NOVA ROMA CARUARU (FNR CARUARU),FNR CARUARU,(81) 2128-8000,https://portal.novaroma.edu.br/,diretoria@novaroma.edu.br; mauricelia.montenegro@romaeducacional.com.br;alexandrecordel@gmail.com,Rua Azevedo Coutinho - s/n - CEP: 55030-902 - Petrópolis,Caruaru,PE,Faculdade,Presencial - Superior,Privada,Privada com fins lucrativos,12/04/1961,4,2018,-,,3,2021,,,,Ativa
16517,"INESP- INSTITUTO NACIONAL DE ENSINO, SOCIEDADE E PESQUISA",22.664.347/0001-71,Pessoa Jurídica de Direito Privado - Sem fins lucrativos - Associação de Utilidade Pública,20975,FACULDADE NOVO HORIZONTE (FNH),FNH,81- 31451605,www.fnh.edu.br,emec@anovaeducacao.com,Rua Eurico Valois - 61 A - CEP: 55604-013 - Centro,Vitória de Santo Antão,PE,Faculdade,Presencial - Superior,Privada,Privada sem fins lucrativos,07/02/2018,3,2022,-,,-,,,,"Suspensão contrato FIES, Suspensão PROUNI",Ativa
19660,"INSTITUTO NACIONAL DE ENSINO, SOCIEDADE E PESQUISA - INESP",53.300.805/0001-17,Pessoa Jurídica de Direito Privado - Sem fins lucrativos - Associação de Utilidade Pública,1383,FACULDADE NOVO HORIZONTE DE IPOJUCA (FNH),FNH,8135511221,www.fnh.edu.br,"emec@anovaeducacao.com, fnh@fnh.edu.br",Avenida Francisco Alves de Souza - 500 - CEP: 55590-000 - Centro,Ipojuca,PE,Faculdade,Presencial - Superior,Privada,Privada sem fins lucrativos,03/11/1999,3,2018,-,,3,2022,,,,Ativa
2141,FIUSA EDUCACIONAL S/SIMPLES LTDA,04.242.942/0001-37,Privada com fins lucrativos,24457,Faculdade Paraíso Araripina (FAP),FAP,,,fap@fapce.edu.br,Avenida Suetone Nunes de Alencar Barros - 101 - CEP: 56280-000 - Centro,Araripina,PE,Faculdade,Presencial - Superior,Privada,Privada com fins lucrativos,22/01/2021,-,,-,,-,,,,,Ativa
2291,ASSOCIACAO EDUCACIONAL DE CIENCIAS DA SAUDE - AECISA,05.834.842/0001-62,Pessoa Jurídica de Direito Privado - Sem fins lucrativos - Associação de Utilidade Pública,3615,FACULDADE PERNAMBUCANA DE SAÚDE (FPS),FPS,8130357777,www.fps.edu.br,carla.figueiroa@fps.edu.br,Avenida Marechal Mascarenhas de Morais - 4861 - CEP: 51150-000 - Imbiribeira,Recife,PE,Faculdade,EAD - Superior / Presencial - Superior,Privada,Privada sem fins lucrativos,01/09/2005,4,2017,5,2022,3,2022,,,,Ativa
14514,EDITORA E DISTRIBUIDORA EDUCACIONAL S/A,38.733.648/0001-40,Privada com fins lucrativos,24909,Faculdade Pitágoras Unidade Caruaru,-,31-21260303,,ddi@kroton.com.br;danielle.fnonato@kroton.com.br,Avenida Cleto Campelo - 36 - CEP: 55012-340 - Maurício de Nassau,Caruaru,PE,Faculdade,Presencial - Superior,Privada,Privada com fins lucrativos,17/07/2023,4,2021,-,,-,,,,Unificação de Mantidas,Ativa
15871,COLEGIO PRESBITERIANO QUINZE DE NOVEMBRO,11.240.058/0001-29,Privada sem fins lucrativos,17985,FACULDADE PRESBITERIANA QUINZE DE NOVEMBRO,-,81 994391678,,mcolegioquizedenovembro@gmail.com,Praça Souto Filho - 696 - CEP: 55295-400 - Heliópolis,Garanhuns,PE,Faculdade,Presencial - Superior,Privada,Privada sem fins lucrativos,20/09/2018,4,2018,-,,-,,,,,Ativa
16058,CENTRO DE ENSINO SUPERIOR DE SERRA TALHADA LIMITADA - EPP,18.692.635/0001-62,Privada com fins lucrativos,18471,Faculdades Aggeu Magalhães (FAMA),FAMA,83996306056,www.aggeumagalhaes.com.br,fransueldosousa@gmail.com,Rua Antônio Alves de Oliveira - 1687 - CEP: 56912-160 - AABB,Serra Talhada,PE,Faculdade,Presencial - Superior,Privada,Privada com fins lucrativos,28/12/2016,4,2022,-,,-,,,,,Ativa
2271,CESAC CENTRO DE ENSINO SUPERIOR SANTA CRUZ LTDA - EPP,05.744.399/0001-39,Privada com fins lucrativos,3585,FACULDADE SANTA CRUZ (FACRUZ),FACRUZ,(81) 3731 4364,www.cesac.edu.br,direcaogeralcesac@gmail.com,Rua Rua Júlia Aragão - 307 - CEP: 55192-365 - Bairro Novo,Santa Cruz do Capibaribe,PE,Faculdade,Presencial - Superior,Privada,Privada com fins lucrativos,27/09/2004,3,2011,-,,2,2021,,,"Em supervisão - Procedimento Sancionador sem Medida Cautelar, Suspensão contrato FIES, Suspensão PROUNI",Ativa
917,ASSOCIACAO SECULO XXI DE EDUCACAO CIENCIA E CULTURA,02.417.543/0001-34,Privada sem fins lucrativos,1384,FACULDADE SANTA HELENA (FSH),FSH,(81) 37976060,www.fsh.edu.br,marcelo.pimentel@fsh.edu.br,Avenida Caxangá - 990 - CEP: 50711-000 - Madalena,Recife,PE,Faculdade,Presencial - Superior,Privada,Privada sem fins lucrativos,04/10/1999,4,2024,-,,3,2022,,,,Ativa
16289,CENTRO DE ENSINO SUPERIOR SANTISSIMA TRINDADE LIMITADA,19.833.500/0001-32,Privada com fins lucrativos,19607,FACULDADE SANTISSIMA TRINDADE (FAST),FAST,"83,96206643",www.edufast.com.br,carminha.vale@yahoo.com.br,RUA PROFESSOR AMÉRICO BRANDÃO - 46 - CEP: 55800-000 - CENTRO,Nazaré da Mata,PE,Faculdade,Presencial - Superior,Privada,Privada com fins lucrativos,21/12/2016,5,2023,4,2022,-,,,,,Ativa
2517,SERVICO NACIONAL DE APRENDIZAGEM COMERCIAL SENAC,03.485.324/0001-55,Pessoa Jurídica de Direito Privado - Sem fins lucrativos - Fundação,3996,FACULDADE SENAC PERNAMBUCO (SENACPE),SENACPE,(81)34136799,https://faculdadesenacpe.edu.br/faculdade/,faculdade@pe.senac.br,Rua Marquês do Pombal - 57 - CEP: 50100-170 - Santo Amaro,Recife,PE,Faculdade,Presencial - Superior,Privada,Privada sem fins lucrativos,30/05/2006,3,2017,-,,3,2022,,,,Ativa
466,AUTARQUIA DO ENSINO SUPERIOR DE GARANHUNS AESGA,11.224.920/0001-00,Pessoa Jurídica de Direito Público - Municipal,701,FACULDADES INTEGRADAS DE GARANHUNS (FACIGA),FACIGA,(87) 3763 8250,www.aesga.edu.br,"dga@aesga.edu.br, crislane.aesga@outlook.com",AVENIDA CARUARU - 508 - CEP: 55290-000 - SÃO JOSÉ,Garanhuns,PE,Faculdade,Presencial - Superior,Publica,Especial,10/01/1977,-,,-,,3,2022,,,,Ativa
16337,SEMINARIO TEOLOGICO BATISTA DO NORTE DO BRASIL,10.975.720/0001-26,Pessoa Jurídica de Direito Privado - Sem fins lucrativos - Associação de Utilidade Pública,20106,FACULDADE STBNB,-,81-33663277,seminariodonorte.com.br,coordacademica@stbnb.com.br; yohans@seminariodosul.com.br,Rua Padre Inglês - 243 - CEP: 50050-230 - Boa Vista,Recife,PE,Faculdade,Presencial - Superior,Privada,Privada sem fins lucrativos,23/05/2017,4,2016,-,,2,2022,,,,Ativa
18126,SOCIEDADE EDUCACIONAL LIMA E LUCENA LTDA,35.168.063/0001-36,Privada com fins lucrativos,19565,Faculdade Tecnológica de Pernambuco (FATEPE),FATEPE,81 988330066,www.fatepe.edu.br,secfatepe@gmail.com,Avenida Doutor José Augusto Moreira - 990 - CEP: 53130-410 - Casa Caiada,Olinda,PE,Faculdade,Presencial - Superior,Privada,Privada com fins lucrativos,06/12/2017,4,2024,-,,3,2022,,,,Ativa
274,SOCIEDADE DE EDUCACAO TIRADENTES S.A,13.013.263/0001-87,Privada com fins lucrativos,24459,Faculdade Tiradentes de Goiana (FITS),FITS,(79) 99840-0227,fits.goiana.edu.br,jose_adailton@grupotiradentes.com; elisangela_sousa@grupotiradentes.com,"Rua 07, Quadra 12 - Lotes 03 e 04 - CEP: 55900-000 - Loteamento Novo Horizonteo",Goiana,PE,Faculdade,Presencial - Superior,Privada,Privada com fins lucrativos,10/05/2021,-,,-,,-,,,,,Ativa
19586,INSTITUTO DUARTE COELHO,14.822.448/0001-03,Pessoa Jurídica de Direito Privado - Sem fins lucrativos - Associação de Utilidade Pública,1136,FACULDADE UNIFACIG (FACIG),FACIG,(81) 3543 1636/(81) 3543 1205 / (81) 988620463,www.facig-pe.edu.br,givanildopsouza09@gmail.com,"RODOVIA BR 101-NORTE, KM 25 - S/N - CEP: 53610-595 - Centro",Igarassu,PE,Faculdade,Presencial - Superior,Privada,Privada sem fins lucrativos,29/06/1998,3,2011,-,,3,2022,,,,Ativa
1847,SER EDUCACIONAL S.A.,04.986.320/0001-13,Privada com fins lucrativos,18211,FACULDADE UNINASSAU CABO,-,(81) 3413-4611,www.mauriciodenassau.edu.br,emec@sereducacional.com,Avenida Historiador Pereira da Costa - 473 - CEP: 54510-360 - Centro,Cabo de Santo Agostinho,PE,Faculdade,Presencial - Superior,Privada,Privada com fins lucrativos,22/06/2016,4,2023,-,,4,2022,,,,Ativa
1847,SER EDUCACIONAL S.A.,04.986.320/0001-13,Privada com fins lucrativos,24382,FACULDADE UNINASSAU CARPINA (NASSAU CARPINA),NASSAU CARPINA,(81) 3413-4611,www.uninassau.edu.br,emec@sereducacional.com,Rodovia PE-41 - s/n - CEP: 55819-460 - Bairro Novo,Carpina,PE,Faculdade,Presencial - Superior,Privada,Privada com fins lucrativos,17/07/2023,4,2020,-,,-,,,,,Ativa
1847,SER EDUCACIONAL S.A.,04.986.320/0001-13,Privada com fins lucrativos,18653,Faculdade Uninassau Garanhuns (Nassau Garanhuns),Nassau Garanhuns,(81) 3413-4611,www.mauriciodenassau.edu.br,emec@sereducacional.com,Praça da Bandeira - 53 - CEP: 55297-210 - São José,Garanhuns,PE,Faculdade,Presencial - Superior,Privada,Privada com fins lucrativos,13/03/2017,5,2022,-,,-,,,,,Ativa
1847,SER EDUCACIONAL S.A.,04.986.320/0001-13,Privada com fins lucrativos,18075,FACULDADE UNINASSAU JABOATÃO DOS GUARARAPES (UNINASSAU),UNINASSAU,(81) 3413-4611,www.mauriciodenassau.edu.br,emec@sereducacional.com,Rua 101 - 15 - CEP: 54325-650 - Guararapes,Jaboatão dos Guararapes,PE,Faculdade,Presencial - Superior,Privada,Privada com fins lucrativos,30/11/2015,4,2020,-,,-,,,,,Ativa
1847,SER EDUCACIONAL S.A.,04.986.320/0001-13,Privada com fins lucrativos,4742,Faculdade Uninassau Olinda - Nassau Olinda,-,(81) 3413-4611,www.joaquimnabuco.edu.br,emec@sereducacional.com,Rua Eduardo de Moraes - s/n - CEP: 53130-635 - Casa Caiada,Olinda,PE,Faculdade,Presencial - Superior,Privada,Privada sem fins lucrativos,21/08/2008,4,2023,-,,3,2022,,,Unificação de Mantidas,Ativa
1847,SER EDUCACIONAL S.A.,04.986.320/0001-13,Privada com fins lucrativos,18023,FACULDADE UNINASSAU PETROLINA,-,(81) 3413-4611,www.uninassau.edu.br,emec@sereducacional.com,Avenida Coronel Clementino Coelho - 714 - CEP: 56308-210 - Atrás da Banca,Petrolina,PE,Faculdade,Presencial - Superior,Privada,Privada com fins lucrativos,21/09/2015,4,2020,-,,3,2022,,,,Ativa
1847,SER EDUCACIONAL S.A.,04.986.320/0001-13,Privada com fins lucrativos,22210,FACULDADE UNINASSAU SERRA TALHADA,-,(81) 3413-4611,www.mauriciodenassau.edu.br,emec@sereducacional.com,Av Avenida Adriano Duque de Godoy Souza - 1 - CEP: 56903-525 - Nossa Senhora da Penha,Serra Talhada,PE,Faculdade,Presencial - Superior,Privada,Privada com fins lucrativos,03/06/2019,4,2024,-,,-,,,,,Ativa
16816,FACULDADE VALE DO PAJEU LTDA - EPP,26.817.470/0001-36,Privada com fins lucrativos,22075,FACULDADE VALE DO PAJEU (FVP),FVP,,,CLEONILDO10@HOTMAIL.COM;,AROEIRA - S/N - CEP: 56700-000 - JARDIM BOA VISTA,São José do Egito,PE,Faculdade,Presencial - Superior,Privada,Privada com fins lucrativos,25/03/2019,4,2024,-,,3,2022,,,,Ativa
16816,FACULDADE VALE DO PAJEU LTDA - EPP,26.817.470/0001-36,Privada com fins lucrativos,26629,FACULDADE VALE DO PAJEU JOÃO ALFREDO (FVP),FVP,,,"cleonildo10@hotmail.com, diretorderegulacao@faculdadevaledopajeu.com",Rua Carlos Fernandes de Oliveira - S/N - CEP: 55720-000 - SÃO JOSÉ,João Alfredo,PE,Faculdade,Presencial - Superior,Privada,Privada com fins lucrativos,09/05/2024,4,2023,-,,-,,,,,Ativa
280,ASSOCIACAO OLINDENSE DOM VITAL DE ENSINO SUPERIOR,11.573.730/0001-06,Privada sem fins lucrativos,405,FOCCA - FACULDADE DE OLINDA (FOCCA),FOCCA,(81) 3429 1052,www.focca.com.br,diretora@focca.com.br;diracademico@focca.com.br,Rua do Bonfim - 37 - CEP: 53120-090 - Carmo,Olinda,PE,Faculdade,EAD - Superior / Presencial - Superior,Privada,Privada sem fins lucrativos,25/05/1972,4,2021,3,2022,3,2022,,,,Ativa
14107,FUNDACAO UNIVERSIDADE FEDERAL DO VALE DO SAO FRANCISCO,05.440.725/0001-14,Pessoa Jurídica de Direito Público - Federal,3984,FUNDAÇÃO UNIVERSIDADE FEDERAL DO VALE DO SÃO FRANCISCO (UNIVASF),UNIVASF,(87)2101-6830; (87)2101-6712,https://www.portais.univasf.edu.br/,reitoria@univasf.edu.br;srca@univasf.edu.br;proen@univasf.edu.br;proen.pi@univasf.edu.br,Avenida José de Sá Maniçoba - s/n - CEP: 56304-917 - Centro,Petrolina,PE,Universidade,EAD - Superior / Presencial - Superior,Publica,Pública Federal,28/06/2002,4,2015,-,,4,2022,,,,Ativa
16703,INSTITUTO DE DESENVOLVIMENTO EDUCACIONAL,08.469.669/0001-39,Pessoa Jurídica de Direito Privado - Sem fins lucrativos - Associação de Utilidade Pública,21788,Instituto de Desenvolvimento Educacional (IDE),IDE,(81) 991231120,www.faculdadeide.edu.br,adalberto.distassi@faculdadeide.edu.br,Rua Manuel de Brito - 311 - CEP: 51110-100 - Pina,Recife,PE,Faculdade,EAD - Superior / Presencial - Superior,Privada,Privada sem fins lucrativos,29/11/2018,3,2024,4,2019,-,,,,,Ativa
1125,APESU ENSINO SUPERIOR DE PERNAMBUCO LTDA,11.870.359/0001-36,Privada com fins lucrativos,2566,INSTITUTO DE ENSINO SUPERIOR DE OLINDA (IESO),IESO,(11)5586 4291,,pigeral@unip.br;pigeral2020@gmail.com,"AV.SIGISMUNDO GONÇALVES, - 375 - CEP: 53010-240 - CARMO",Olinda,PE,Faculdade,Presencial - Superior,Privada,Privada com fins lucrativos,11/04/2002,4,2023,-,,3,2022,,,Unificação de Mantidas,Ativa
16120,"INSTITUTO FEDERAL DE EDUCACAO, CIENCIA E TECNOLOGIA DE PERNAMBUCO",10.767.239/0001-45,Pessoa Jurídica de Direito Público - Federal,1809,"INSTITUTO FEDERAL DE EDUCAÇÃO, CIÊNCIA E TECNOLOGIA DE PERNAMBUCO (IFPE)",IFPE,(81) 2125-1656,www.ifpe.edu.br,gabinete@reitoria.ifpe.edu.br,Avenida Professor Luiz Freire - 500 - CEP: 50740-540 - Curado,Recife,PE,"Instituto Federal de Educação, Ciência e Tecnologia",EAD - Superior / Presencial - Superior,Publica,Pública Federal,19/01/1999,4,2017,4,2016,3,2022,,,,Ativa
16656,"INSTITUTO FEDERAL DE EDUCACAO, CIENCIA E TECNOLOGIA DO SERTAO PERNAMBUCANO",10.830.301/0001-04,Pessoa Jurídica de Direito Público - Federal,3161,"Instituto Federal de Educação, Ciência e Tecnologia do Sertão Pernambucano (IF SERTÃO-PE)",IF SERTÃO-PE,(87) 2101-2350/(87)2101-2356,http://www.ifsertao-pe.edu.br/,reitoria@ifsertao-pe.edu.br,Rua Aristarco Lopes - 240 - CEP: 56302-100 - Centro,Petrolina,PE,"Instituto Federal de Educação, Ciência e Tecnologia",EAD - Superior / Presencial - Superior,Publica,Pública Federal,29/11/1999,4,2023,-,,3,2022,,,,Ativa
467,AUTARQUIA MUNICIPAL DO ENSINO SUPERIOR DE GOIANA,11.408.812/0001-97,Pessoa Jurídica de Direito Público - Municipal,4398,INSTITUTO SUPERIOR DE EDUCAÇÃO DE GOIANA (I.S.E.G.),I.S.E.G.,(81) 3626-0517,www.fadimab.edu.br,fadimab@fadimab.edu.br,Rua Poco Rei - S/N - CEP: 55900-000 - CENTRO,Goiana,PE,Faculdade,Presencial - Superior,Publica,Pública Municipal,24/05/2004,-,,-,,SC,2016,,,"Suspensão contrato FIES, Suspensão PROUNI",Ativa
709,AUTARQUIA EDUCACIONAL DE AFOGADOS DA INGAZEIRA-AEDAI,11.479.037/0001-60,Pessoa Jurídica de Direito Público - Municipal,5054,INSTITUTO SUPERIOR DE EDUCAÇÃO DO SERTÃO DO PAJEÚ (ISESP),ISESP,,,aedai@zaz.com.br,Rua Doutor Osvaldo Gouveia - s/n - CEP: 56800-000 - Centro,Afogados da Ingazeira,PE,Faculdade,Presencial - Superior,Publica,Pública Municipal,18/09/2003,-,,-,,-,,,,"Suspensão contrato FIES, Suspensão PROUNI",Ativa
2271,CESAC CENTRO DE ENSINO SUPERIOR SANTA CRUZ LTDA - EPP,05.744.399/0001-39,Privada com fins lucrativos,3584,INSTITUTO SUPERIOR DE EDUCAÇÃO SANTA CRUZ (ISED),ISED,(81) 3731 4364,www.cesac.edu.br,pi@cesac.edu.br,Rua Rua Júlia Aragão - 307 - CEP: 55192-365 - Bairro Novo,Santa Cruz do Capibaribe,PE,Faculdade,Presencial - Superior,Privada,Privada com fins lucrativos,27/09/2004,3,2017,-,,2,2019,,,"Em supervisão - Procedimento Sancionador sem Medida Cautelar, Suspensão contrato FIES, Suspensão PROUNI",Ativa
16148,SOBERANA FACULDADE DE SAUDE DE PETROLINA LTDA - EPP,19.265.047/0001-05,Privada com fins lucrativos,18896,Soberana Faculdade de Saúde de Petrolina (SOBERANA),SOBERANA,(87) 38641668,www.faculdadesoberana.com.br,regulatoriosoberana@faculdadesoberana.edu.br,Avenida Coronel Antônio Honorato Viana - s/n - CEP: 56308-000 - Gercino Coelho,Petrolina,PE,Faculdade,EAD - Superior / Presencial - Superior,Privada,Privada com fins lucrativos,23/05/2017,5,2022,5,2022,-,,,,,Ativa
14,ASSOCIACAO ANTONIO VIEIRA,92.959.006/0001-09,Privada sem fins lucrativos,11,UNIVERSIDADE CATÓLICA DE PERNAMBUCO (UNICAP),UNICAP,(81) 2119 4011; (81) 2119 4206,www.unicap.br,pedro.rubens@unicap.br,Rua do Príncipe - 526 - CEP: 50050-900 - Boa Vista,Recife,PE,Universidade,EAD - Superior / Presencial - Superior,Privada,Privada sem fins lucrativos,31/03/1943,5,2018,5,2016,3,2022,,,,Ativa
283,FUNDACAO UNIVERSIDADE DE PERNAMBUCO,11.022.597/0001-91,Pessoa Jurídica de Direito Público - Estadual,409,UNIVERSIDADE DE PERNAMBUCO (UPE),UPE,(81) 31833778,www.upe.br,prograd@upe.br,Avenida Agamenon Magalhães - S/N - CEP: 50100-010 - Santo Amaro,Recife,PE,Universidade,EAD - Superior / Presencial - Superior,Publica,Pública Estadual,31/05/1960,-,,4,2016,4,2022,,,,Ativa
15538,UNIVERSIDADE FEDERAL DE PERNAMBUCO,24.134.488/0001-08,Pessoa Jurídica de Direito Público - Federal,580,UNIVERSIDADE FEDERAL DE PERNAMBUCO (UFPE),UFPE,81 2126 8001,www.ufpe.br,gabinete@ufpe.br,Av. Prof. Moraes Rego - 1.235 - CEP: 50670-901 - Cidade Universitária,Recife,PE,Universidade,EAD - Superior / Presencial - Superior,Publica,Pública Federal,20/06/1946,5,2023,5,2022,5,2022,,,,Ativa
17817,UNIVERSIDADE FEDERAL DO AGRESTE DE PERNAMBUCO - UFAPE,35.872.812/0001-01,Pessoa Jurídica de Direito Público - Federal,25275,UNIVERSIDADE FEDERAL DO AGRESTE DE PERNAMBUCO (UFAPE ),UFAPE,(87) 37645551,www.ufape.edu.br,reitoria@ufape.edu.br,Avenida Bom Pastor - S/N - CEP: 55292-270 - Boa Vista,Garanhuns,PE,Universidade,Presencial - Superior,Publica,Pública Federal,12/04/2018,5,2024,-,,4,2022,,,,Ativa
15599,UNIVERSIDADE FEDERAL RURAL DE PERNAMBUCO,24.416.174/0001-06,Pessoa Jurídica de Direito Público - Federal,587,UNIVERSIDADE FEDERAL RURAL DE PERNAMBUCO (UFRPE),UFRPE,(81) 3320 6175,www.ufrpe.br,reitoria@ufrpe.br,Rua Dom Manoel de Medeiros - s/n - CEP: 52071-030 - Dois Irmãos,Recife,PE,Universidade,EAD - Superior / Presencial - Superior,Publica,Pública Federal,24/07/1947,4,2009,5,2023,4,2022,,,,Ativa